participant,value
La Entusiasta,136
La Entusiasta,137
La Entusiasta,143
La Entusiasta,138
La Entusiasta,138
La Entusiasta,143
La Entusiasta,139
La Entusiasta,134
La Entusiasta,136
La Entusiasta,137
La Entusiasta,142
La Entusiasta,139
La Entusiasta,139
La Entusiasta,138
La Entusiasta,136
La Entusiasta,143
La Entusiasta,139
La Entusiasta,132
La Entusiasta,140
La Entusiasta,137
La Entusiasta,135
La Entusiasta,137
La Entusiasta,135
La Entusiasta,136
La Entusiasta,136
La Entusiasta,133
La Entusiasta,141
La Entusiasta,138
La Entusiasta,135
La Entusiasta,142
La Entusiasta,139
La Entusiasta,137
La Entusiasta,141
La Entusiasta,141
La Entusiasta,140
La Entusiasta,140
La Entusiasta,140
La Entusiasta,138
La Entusiasta,137
La Entusiasta,137
La Entusiasta,136
La Entusiasta,137
La Entusiasta,134
La Entusiasta,145
La Entusiasta,142
La Entusiasta,135
La Entusiasta,137
La Entusiasta,137
La Entusiasta,140
La Entusiasta,138
La Entusiasta,139
La Entusiasta,138
La Entusiasta,138
La Entusiasta,142
La Entusiasta,137
La Entusiasta,143
La Entusiasta,133
La Entusiasta,140
La Entusiasta,138
La Entusiasta,139
La Entusiasta,139
La Entusiasta,136
La Entusiasta,137
La Entusiasta,135
La Entusiasta,135
La Entusiasta,139
La Entusiasta,139
La Entusiasta,138
La Entusiasta,141
La Entusiasta,144
La Entusiasta,137
La Entusiasta,131
La Entusiasta,141
La Entusiasta,136
La Entusiasta,136
La Entusiasta,141
La Entusiasta,137
La Entusiasta,134
La Entusiasta,139
La Entusiasta,138
La Entusiasta,138
La Entusiasta,139
La Entusiasta,137
La Entusiasta,140
La Entusiasta,137
La Entusiasta,139
La Entusiasta,141
La Entusiasta,139
La Entusiasta,137
La Entusiasta,141
La Entusiasta,141
La Entusiasta,140
La Entusiasta,139
La Entusiasta,136
La Entusiasta,142
La Entusiasta,136
La Entusiasta,145
La Entusiasta,143
La Entusiasta,137
La Entusiasta,135
La Confiada,123
La Confiada,133
La Confiada,128
La Confiada,127
La Confiada,120
La Confiada,130
La Confiada,122
La Confiada,113
La Confiada,126
La Confiada,139
La Confiada,124
La Confiada,136
La Confiada,114
La Confiada,129
La Confiada,135
La Confiada,133
La Confiada,131
La Confiada,124
La Confiada,122
La Confiada,120
La Confiada,131
La Confiada,121
La Confiada,125
La Confiada,127
La Confiada,148
La Confiada,123
La Confiada,132
La Confiada,131
La Confiada,120
La Confiada,129
La Confiada,144
La Confiada,135
La Confiada,130
La Confiada,126
La Confiada,109
La Confiada,141
La Confiada,115
La Confiada,137
La Confiada,149
La Confiada,116
La Confiada,137
La Confiada,127
La Confiada,114
La Confiada,115
La Confiada,114
La Confiada,125
La Confiada,115
La Confiada,137
La Confiada,151
La Confiada,117
La Confiada,138
La Confiada,138
La Confiada,133
La Confiada,120
La Confiada,129
La Confiada,127
La Confiada,136
La Confiada,126
La Confiada,140
La Confiada,126
La Confiada,141
La Confiada,120
La Confiada,117
La Confiada,160
La Confiada,126
La Confiada,133
La Confiada,136
La Confiada,125
La Confiada,135
La Confiada,134
La Confiada,128
La Confiada,131
La Confiada,130
La Confiada,151
La Confiada,123
La Confiada,119
La Confiada,130
La Confiada,133
La Confiada,134
La Confiada,125
La Confiada,119
La Confiada,143
La Confiada,127
La Confiada,121
La Confiada,128
La Confiada,128
La Confiada,141
La Confiada,131
La Confiada,138
La Confiada,125
La Confiada,132
La Confiada,127
La Confiada,131
La Confiada,121
La Confiada,117
La Confiada,150
La Confiada,136
La Confiada,117
La Confiada,124
La Confiada,118
La Prudente,140
La Prudente,131
La Prudente,139
La Prudente,136
La Prudente,134
La Prudente,134
La Prudente,137
La Prudente,131
La Prudente,133
La Prudente,137
La Prudente,133
La Prudente,138
La Prudente,132
La Prudente,135
La Prudente,133
La Prudente,132
La Prudente,140
La Prudente,133
La Prudente,135
La Prudente,130
La Prudente,135
La Prudente,136
La Prudente,136
La Prudente,133
La Prudente,139
La Prudente,136
La Prudente,133
La Prudente,134
La Prudente,132
La Prudente,139
La Prudente,140
La Prudente,136
La Prudente,133
La Prudente,140
La Prudente,132
La Prudente,136
La Prudente,131
La Prudente,135
La Prudente,131
La Prudente,132
La Prudente,133
La Prudente,136
La Prudente,137
La Prudente,132
La Prudente,139
La Prudente,137
La Prudente,138
La Prudente,131
La Prudente,134
La Prudente,137
La Prudente,135
La Prudente,133
La Prudente,132
La Prudente,131
La Prudente,132
La Prudente,139
La Prudente,138
La Prudente,137
La Prudente,132
La Prudente,131
La Prudente,140
La Prudente,134
La Prudente,135
La Prudente,132
La Prudente,136
La Prudente,133
La Prudente,132
La Prudente,137
La Prudente,133
La Prudente,138
La Prudente,131
La Prudente,138
La Prudente,134
La Prudente,138
La Prudente,137
La Prudente,134
La Prudente,136
La Prudente,130
La Prudente,132
La Prudente,137
La Prudente,132
La Prudente,138
La Prudente,133
La Prudente,137
La Prudente,139
La Prudente,131
La Prudente,131
La Prudente,137
La Prudente,134
La Prudente,138
La Prudente,140
La Prudente,131
La Prudente,135
La Prudente,137
La Prudente,131
La Prudente,140
La Prudente,133
La Prudente,130
La Prudente,137
La Prudente,138
REALITY,133
REALITY,132
REALITY,133
REALITY,137
REALITY,148
REALITY,135
REALITY,144
REALITY,141
REALITY,135
REALITY,125
REALITY,132
REALITY,132
REALITY,136
REALITY,146
REALITY,153
REALITY,148
REALITY,135
REALITY,123
REALITY,133
REALITY,137
REALITY,142
REALITY,143
REALITY,141
REALITY,126
REALITY,142
REALITY,133
REALITY,137
REALITY,137
REALITY,139
REALITY,136
REALITY,123
REALITY,142
REALITY,139
REALITY,134
REALITY,137
REALITY,137
REALITY,138
REALITY,148
REALITY,134
REALITY,137
REALITY,145
REALITY,144
REALITY,145
REALITY,132
REALITY,151
REALITY,137
REALITY,150
REALITY,126
REALITY,136
REALITY,145
REALITY,131
REALITY,130
REALITY,129
REALITY,128
REALITY,133
REALITY,138
REALITY,121
REALITY,138
REALITY,145
REALITY,151
REALITY,146
REALITY,142
REALITY,123
REALITY,131
REALITY,133
REALITY,141
REALITY,135
REALITY,127
REALITY,149
REALITY,143
REALITY,138
REALITY,145
REALITY,126
REALITY,141
REALITY,132
REALITY,141
REALITY,136
REALITY,141
REALITY,146
REALITY,136
REALITY,144
REALITY,127
REALITY,131
REALITY,147
REALITY,139
REALITY,121
REALITY,126
REALITY,134
REALITY,142
REALITY,135
REALITY,141
REALITY,143
REALITY,149
REALITY,136
REALITY,136
REALITY,123
REALITY,137
REALITY,132
REALITY,129
REALITY,135
REALITY,144
REALITY,121
REALITY,133
REALITY,137
REALITY,129
REALITY,139
REALITY,139
REALITY,136
REALITY,118
REALITY,155
REALITY,134
REALITY,141
REALITY,138
REALITY,144
REALITY,142
REALITY,134
REALITY,139
REALITY,129
REALITY,142
REALITY,133
REALITY,154
REALITY,124
REALITY,133
REALITY,142
REALITY,140
REALITY,132
REALITY,129
REALITY,137
REALITY,136
REALITY,123
REALITY,136
REALITY,137
REALITY,137
REALITY,128
REALITY,140
REALITY,146
REALITY,139
REALITY,127
REALITY,133
REALITY,139
REALITY,131
REALITY,120
REALITY,143
REALITY,130
REALITY,132
REALITY,147
REALITY,130
REALITY,142
REALITY,127
REALITY,133
REALITY,135
REALITY,127
REALITY,131
REALITY,136
REALITY,141
REALITY,124
REALITY,133
REALITY,142
REALITY,132
REALITY,138
REALITY,140
REALITY,138
REALITY,141
REALITY,135
REALITY,133
REALITY,116
REALITY,135
REALITY,139
REALITY,140
REALITY,132
REALITY,149
REALITY,138
REALITY,137
REALITY,146
REALITY,131
REALITY,133
REALITY,154
REALITY,136
REALITY,148
REALITY,125
REALITY,135
REALITY,139
REALITY,138
REALITY,128
REALITY,136
REALITY,128
REALITY,141
REALITY,144
REALITY,119
REALITY,145
REALITY,127
REALITY,139
REALITY,141
REALITY,135
REALITY,131
REALITY,137
REALITY,139
REALITY,143
REALITY,121
REALITY,124
REALITY,147
REALITY,144
REALITY,139
REALITY,141
REALITY,143
REALITY,116
REALITY,144
REALITY,132
REALITY,138
REALITY,134
REALITY,143
REALITY,133
REALITY,140
REALITY,133
REALITY,128
REALITY,145
REALITY,142
REALITY,149
REALITY,136
REALITY,144
REALITY,151
REALITY,134
REALITY,126
REALITY,134
REALITY,134
REALITY,137
REALITY,149
REALITY,134
REALITY,139
REALITY,134
REALITY,136
REALITY,138
REALITY,146
REALITY,137
REALITY,141
REALITY,142
REALITY,143
REALITY,132
REALITY,148
REALITY,133
REALITY,135
REALITY,147
REALITY,146
REALITY,128
REALITY,129
REALITY,126
REALITY,137
REALITY,137
REALITY,139
REALITY,140
REALITY,131
REALITY,129
REALITY,144
REALITY,142
REALITY,125
REALITY,135
REALITY,129
REALITY,120
REALITY,137
REALITY,135
REALITY,135
REALITY,138
REALITY,143
REALITY,138
REALITY,131
REALITY,130
REALITY,135
REALITY,138
REALITY,128
REALITY,135
REALITY,143
REALITY,135
REALITY,131
REALITY,134
REALITY,144
REALITY,140
REALITY,145
REALITY,137
REALITY,139
REALITY,132
REALITY,141
REALITY,132
REALITY,125
REALITY,137
REALITY,151
REALITY,142
REALITY,145
REALITY,139
REALITY,131
REALITY,134
REALITY,134
REALITY,132
REALITY,141
REALITY,127
REALITY,142
REALITY,142
REALITY,127
REALITY,141
REALITY,154
REALITY,132
REALITY,142
REALITY,130
REALITY,144
REALITY,138
REALITY,148
REALITY,125
REALITY,136
REALITY,132
REALITY,135
REALITY,131
REALITY,130
REALITY,140
REALITY,128
REALITY,147
REALITY,127
REALITY,137
REALITY,140
REALITY,140
REALITY,134
REALITY,137
REALITY,143
REALITY,125
REALITY,130
REALITY,138
REALITY,133
REALITY,146
REALITY,141
REALITY,137
REALITY,125
REALITY,136
REALITY,134
REALITY,135
REALITY,127
REALITY,140
REALITY,128
REALITY,134
REALITY,139
REALITY,130
REALITY,140
REALITY,126
REALITY,115
REALITY,139
REALITY,142
REALITY,134
REALITY,140
REALITY,127
REALITY,135
REALITY,121
REALITY,145
REALITY,150
REALITY,144
REALITY,136
REALITY,136
REALITY,125
REALITY,142
REALITY,134
REALITY,131
REALITY,125
REALITY,134
REALITY,130
REALITY,133
REALITY,127
REALITY,149
REALITY,136
REALITY,144
REALITY,116
REALITY,133
REALITY,131
REALITY,127
REALITY,148
REALITY,125
REALITY,138
REALITY,142
REALITY,137
REALITY,129
REALITY,143
REALITY,137
REALITY,128
REALITY,126
REALITY,152
REALITY,131
REALITY,122
REALITY,140
REALITY,138
REALITY,126
REALITY,121
REALITY,135
REALITY,145
REALITY,141
REALITY,132
REALITY,130
REALITY,138
REALITY,137
REALITY,141
REALITY,133
REALITY,143
REALITY,130
REALITY,134
REALITY,142
REALITY,143
REALITY,121
REALITY,137
REALITY,141
REALITY,125
REALITY,140
REALITY,130
REALITY,144
REALITY,140
REALITY,142
REALITY,137
REALITY,142
REALITY,146
REALITY,151
REALITY,136
REALITY,119
REALITY,136
REALITY,138
REALITY,135
REALITY,140
REALITY,144
REALITY,132
REALITY,134
REALITY,139
REALITY,132
REALITY,137
REALITY,121
REALITY,128
REALITY,126
REALITY,130
REALITY,131
REALITY,139
REALITY,143
REALITY,131
REALITY,129
REALITY,128
REALITY,133
REALITY,134
REALITY,140
REALITY,134
REALITY,120
REALITY,135
REALITY,145
REALITY,145
REALITY,130
REALITY,124
REALITY,154
REALITY,135
REALITY,135
REALITY,139
REALITY,124
REALITY,131
REALITY,124
REALITY,131
REALITY,137
REALITY,126
REALITY,140
REALITY,138
REALITY,129
REALITY,138
REALITY,142
REALITY,144
REALITY,134
REALITY,135
REALITY,135
REALITY,147
REALITY,144
REALITY,142
REALITY,134
REALITY,139
REALITY,139
REALITY,128
REALITY,123
REALITY,141
REALITY,125
REALITY,136
REALITY,138
REALITY,140
REALITY,137
REALITY,131
REALITY,143
REALITY,149
REALITY,143
REALITY,121
REALITY,146
REALITY,136
REALITY,140
REALITY,141
REALITY,135
REALITY,135
REALITY,144
REALITY,141
REALITY,143
REALITY,154
REALITY,141
REALITY,138
REALITY,119
REALITY,156
REALITY,132
REALITY,154
REALITY,139
REALITY,148
REALITY,135
REALITY,140
REALITY,138
REALITY,135
REALITY,135
REALITY,144
REALITY,134
REALITY,121
REALITY,135
REALITY,140
REALITY,141
REALITY,141
REALITY,123
REALITY,139
REALITY,143
REALITY,146
REALITY,134
REALITY,134
REALITY,147
REALITY,123
REALITY,133
REALITY,139
REALITY,124
REALITY,138
REALITY,150
REALITY,136
REALITY,134
REALITY,140
REALITY,134
REALITY,142
REALITY,143
REALITY,136
REALITY,127
REALITY,126
REALITY,132
REALITY,142
REALITY,121
REALITY,122
REALITY,131
REALITY,139
REALITY,129
REALITY,143
REALITY,139
REALITY,135
REALITY,142
REALITY,139
REALITY,133
REALITY,138
REALITY,141
REALITY,139
REALITY,131
REALITY,142
REALITY,145
REALITY,138
REALITY,137
REALITY,135
REALITY,152
REALITY,138
REALITY,135
REALITY,117
REALITY,124
REALITY,135
REALITY,138
REALITY,138
REALITY,142
REALITY,135
REALITY,145
REALITY,129
REALITY,127
REALITY,127
REALITY,142
REALITY,135
REALITY,142
REALITY,134
REALITY,132
REALITY,133
REALITY,122
REALITY,127
REALITY,125
REALITY,144
REALITY,132
REALITY,142
REALITY,147
REALITY,135
REALITY,138
REALITY,123
REALITY,130
REALITY,136
REALITY,138
REALITY,130
REALITY,156
REALITY,133
REALITY,136
REALITY,141
REALITY,136
REALITY,131
REALITY,144
REALITY,148
REALITY,136
REALITY,140
REALITY,135
REALITY,144
REALITY,127
REALITY,153
REALITY,131
REALITY,125
REALITY,133
REALITY,137
REALITY,148
REALITY,143
REALITY,137
REALITY,126
REALITY,130
REALITY,135
REALITY,155
REALITY,122
REALITY,144
REALITY,132
REALITY,148
REALITY,127
REALITY,137
REALITY,128
REALITY,143
REALITY,147
REALITY,151
REALITY,142
REALITY,150
REALITY,145
REALITY,135
REALITY,140
REALITY,129
REALITY,135
REALITY,145
REALITY,140
REALITY,139
REALITY,128
REALITY,131
REALITY,130
REALITY,139
REALITY,129
REALITY,140
REALITY,128
REALITY,150
REALITY,139
REALITY,131
REALITY,138
REALITY,133
REALITY,139
REALITY,138
REALITY,128
REALITY,130
REALITY,138
REALITY,148
REALITY,144
REALITY,131
REALITY,142
REALITY,136
REALITY,138
REALITY,138
REALITY,155
REALITY,127
REALITY,137
REALITY,123
REALITY,140
REALITY,144
REALITY,147
REALITY,122
REALITY,139
REALITY,148
REALITY,133
REALITY,134
REALITY,136
REALITY,139
REALITY,141
REALITY,146
REALITY,135
REALITY,137
REALITY,155
REALITY,139
REALITY,137
REALITY,126
REALITY,136
REALITY,134
REALITY,136
REALITY,132
REALITY,131
REALITY,131
REALITY,134
REALITY,146
REALITY,144
REALITY,133
REALITY,123
REALITY,130
REALITY,133
REALITY,137
REALITY,131
REALITY,151
REALITY,134
REALITY,127
REALITY,135
REALITY,128
REALITY,137
REALITY,138
REALITY,139
REALITY,124
REALITY,138
REALITY,138
REALITY,125
REALITY,143
REALITY,142
REALITY,153
REALITY,137
REALITY,136
REALITY,137
REALITY,137
REALITY,122
REALITY,123
REALITY,135
REALITY,132
REALITY,136
REALITY,120
REALITY,125
REALITY,128
REALITY,143
REALITY,128
REALITY,130
REALITY,137
REALITY,134
REALITY,137
REALITY,153
REALITY,128
REALITY,134
REALITY,132
REALITY,147
REALITY,130
REALITY,135
REALITY,142
REALITY,128
REALITY,148
REALITY,141
REALITY,128
REALITY,139
REALITY,134
REALITY,138
REALITY,135
REALITY,144
REALITY,126
REALITY,132
REALITY,134
REALITY,129
REALITY,128
REALITY,136
REALITY,135
REALITY,117
REALITY,144
REALITY,138
REALITY,154
REALITY,141
REALITY,133
REALITY,157
REALITY,157
REALITY,127
REALITY,140
REALITY,134
REALITY,137
REALITY,138
REALITY,127
REALITY,138
REALITY,149
REALITY,135
REALITY,135
REALITY,146
REALITY,143
REALITY,124
REALITY,138
REALITY,148
REALITY,147
REALITY,139
REALITY,141
REALITY,127
REALITY,138
REALITY,129
REALITY,133
REALITY,143
REALITY,127
REALITY,138
REALITY,139
REALITY,136
REALITY,150
REALITY,128
REALITY,141
REALITY,135
REALITY,134
REALITY,139
REALITY,128
REALITY,126
REALITY,132
REALITY,149
REALITY,136
REALITY,138
REALITY,135
REALITY,140
REALITY,129
REALITY,145
REALITY,140
REALITY,130
REALITY,136
REALITY,141
REALITY,140
REALITY,147
REALITY,131
REALITY,144
REALITY,144
REALITY,135
REALITY,129
REALITY,128
REALITY,139
REALITY,135
REALITY,149
REALITY,140
REALITY,133
REALITY,128
REALITY,132
REALITY,139
REALITY,133
REALITY,140
REALITY,133
REALITY,135
REALITY,131
REALITY,150
REALITY,138
REALITY,138
REALITY,123
REALITY,141
REALITY,128
REALITY,129
REALITY,143
REALITY,133
REALITY,123
REALITY,149
REALITY,118
REALITY,140
REALITY,144
REALITY,131
REALITY,139
REALITY,139
REALITY,144
REALITY,140
REALITY,134
REALITY,143
REALITY,142
REALITY,129
REALITY,125
REALITY,137
REALITY,134
REALITY,129
REALITY,137
REALITY,126
REALITY,137
REALITY,131
REALITY,143
REALITY,154
REALITY,129
REALITY,144
REALITY,142
REALITY,135
REALITY,133
REALITY,148
REALITY,121
REALITY,131
REALITY,125
REALITY,146
REALITY,135
REALITY,132
REALITY,160
REALITY,136
REALITY,133
REALITY,138
REALITY,124
REALITY,140
REALITY,135
REALITY,140
REALITY,129
REALITY,128
REALITY,131
REALITY,130
REALITY,146
REALITY,148
REALITY,135
REALITY,133
REALITY,134
REALITY,137
REALITY,137
REALITY,138
REALITY,130
REALITY,130
REALITY,145
REALITY,132
REALITY,138
REALITY,136
REALITY,129
REALITY,140
REALITY,137
REALITY,146
REALITY,137
REALITY,134
REALITY,138
REALITY,127
REALITY,130
REALITY,140
REALITY,134
REALITY,136
REALITY,135
REALITY,131
REALITY,121
REALITY,139
REALITY,142
REALITY,126
REALITY,147
REALITY,139
REALITY,146
REALITY,129
REALITY,137
REALITY,135
REALITY,142
REALITY,132
REALITY,136
REALITY,123
REALITY,130
REALITY,137
REALITY,131
REALITY,136
REALITY,132
REALITY,141
REALITY,145
REALITY,130
REALITY,134
REALITY,147
REALITY,120
REALITY,134
REALITY,151
REALITY,152
REALITY,137
REALITY,130
REALITY,137
REALITY,131
REALITY,147
REALITY,130
REALITY,139
REALITY,141
REALITY,130
REALITY,142
REALITY,130
REALITY,141
REALITY,144
REALITY,129
REALITY,144
REALITY,132
REALITY,138
REALITY,138
REALITY,133
REALITY,138
REALITY,127
REALITY,135
REALITY,142
REALITY,120
REALITY,125
REALITY,127
REALITY,124
REALITY,139
REALITY,129
REALITY,120
REALITY,131
REALITY,133
REALITY,142
REALITY,128
REALITY,145
REALITY,139
REALITY,139
REALITY,130
REALITY,151
REALITY,135
REALITY,122
REALITY,134
REALITY,121
REALITY,134
REALITY,133
REALITY,141
REALITY,144
REALITY,131
REALITY,142
REALITY,147
REALITY,130
REALITY,131
REALITY,141
REALITY,137
REALITY,140
REALITY,147
REALITY,139
